run_id,summary_path,drive_frequency_hz,expected_subharmonic_hz,selected_frequency_hz,mode_source,mode_rank,q_cycles_per_m,k_rad_per_m,wavelength_mm,angle_deg,power,theory_q_cycles_per_m,theory_k_rad_per_m,theory_wavelength_mm,wavelength_error_percent,dispersion_predicted_frequency_hz,dispersion_frequency_error_percent,liquid_depth_m,density_kg_m3,surface_tension_N_per_m,frames,timebase_fps_mean,fourier_dkx_rad_per_m,fourier_dky_rad_per_m,kx_abs_rad_per_m,ky_abs_rad_per_m,k_half_bin_error_rad_per_m
jun8_40wt_15Hz_stable_IMG_0040_full_fsss_no_lens_roi734_500_no_affine,outputs/full_fsss_diagnostics/Jun8_40wt_15Hz_stable_IMG_0040_no_lens_roi734_500_no_affine/reconstruction/drive_aware_spectral_analysis/drive_aware_summary.json,15.000000000000028,7.500000000000014,7.469999999999951,selected_2d_mode_closest_to_theory,4,32.09480409922892,201.6576015530823,31.157691348052975,-127.56859202882752,0.0263751989009474,32.59949602960443,204.8286744746698,30.67532084213433,1.572503539249327,7.365224340674322,-1.7970087910092252,0.0063746582511135,1098.0980060480797,0.06935,500,240.3371462974112,122.95280969222206,159.83865259988866,122.95280967405404,159.83865257627,73.60485574545896
jun8_40wt_15Hz_stable_IMG_0041_full_fsss_no_lens_roi734_500_no_affine,outputs/full_fsss_diagnostics/Jun8_40wt_15Hz_stable_IMG_0041_no_lens_roi734_500_no_affine/reconstruction/drive_aware_spectral_analysis/drive_aware_summary.json,15.000000000000028,7.500000000000014,7.469999999999951,selected_2d_mode_closest_to_theory,5,32.09480409922892,201.6576015530823,31.157691348052975,-127.56859202882752,0.0327100182223931,32.59949602960443,204.8286744746698,30.67532084213433,1.572503539249327,7.365224340674322,-1.7970087910092252,0.0063746582511135,1098.0980060480797,0.06935,500,240.3371462974112,122.95280969222206,159.83865259988866,122.95280967405404,159.83865257627,73.60485574545896
jun8_40wt_20Hz_stable_IMG_0037_full_fsss_no_lens_roi734_500_no_affine,outputs/full_fsss_diagnostics/Jun8_40wt_20Hz_stable_IMG_0037_no_lens_roi734_500_no_affine/reconstruction/drive_aware_spectral_analysis/drive_aware_summary.json,20.07499999999988,10.03749999999994,10.002499999999875,selected_2d_mode_closest_to_theory,1,46.67826684160973,293.2882003838103,21.4232461413624,-33.02386755579664,0.0180323264014296,44.824925450942246,281.6433129887806,22.309016466618115,-3.970458879624436,10.391263907929652,3.5244224949411,0.0063746582511135,1098.0980060480797,0.06935,500,240.3371462974112,122.95280969222206,159.83865259988866,245.90561934810782,159.83865257627005,67.48245914332313
jun8_40wt_20Hz_stable_IMG_0038_full_fsss_no_lens_roi734_500_no_affine,outputs/full_fsss_diagnostics/Jun8_40wt_20Hz_stable_IMG_0038_no_lens_roi734_500_no_affine/reconstruction/drive_aware_spectral_analysis/drive_aware_summary.json,20.09999999999988,10.04999999999994,10.009999999999875,selected_2d_mode_closest_to_theory,1,46.67826684160973,293.2882003838103,21.4232461413624,-146.97613244420336,0.0182640298582128,44.860788244328546,281.86864556525984,22.29118210214292,-3.89362913462128,10.391263907929652,3.3956607754200356,0.0063746582511135,1098.0980060480797,0.06935,500,240.3371462974112,122.95280969222206,159.83865259988866,245.90561934810782,159.8386525762701,67.48245914332313
jun8_40wt_25Hz_stable_IMG_0035_full_fsss_no_lens_roi734_500_no_affine,outputs/full_fsss_diagnostics/Jun8_40wt_25Hz_stable_IMG_0035_no_lens_roi734_500_no_affine/reconstruction/drive_aware_spectral_analysis/drive_aware_summary.json,25.049999999999883,12.524999999999942,12.4550000000004,selected_2d_mode_closest_to_theory,5,54.511665315810006,342.50689458218847,18.34469730848546,68.96248897457819,0.005565426960608,56.27559249884633,353.589975941577,17.769692962726253,3.235871024701092,12.068206584492778,-3.647053217622085,0.0063746582511135,1098.0980060480797,0.06935,500,239.85575968663971,122.95280969222206,159.83865259988866,122.95280967405387,319.6773051525401,77.78848508404525
jun8_40wt_25Hz_stable_IMG_0036_full_fsss_no_lens_roi734_500_no_affine,outputs/full_fsss_diagnostics/Jun8_40wt_25Hz_stable_IMG_0036_no_lens_roi734_500_no_affine/reconstruction/drive_aware_spectral_analysis/drive_aware_summary.json,25.049999999999883,12.524999999999942,12.475000000000405,selected_2d_mode_closest_to_theory,4,54.511665315810006,342.50689458218847,18.34469730848546,68.96248897457819,0.0056968433419707,56.366331779700566,354.16010765782437,17.741087071416167,3.402329488827153,12.068206584492778,-3.647053217622085,0.0063746582511135,1098.0980060480797,0.06935,500,240.3371462974112,122.95280969222206,159.83865259988866,122.95280967405387,319.6773051525401,77.78848508404525
jun8_40wt_30Hz_stable_IMG_0033_full_fsss_no_lens_roi734_500_no_affine,outputs/full_fsss_diagnostics/Jun8_40wt_30Hz_stable_IMG_0033_no_lens_roi734_500_no_affine/reconstruction/drive_aware_spectral_analysis/drive_aware_summary.json,30.049999999999883,15.024999999999942,15.065000000000415,selected_2d_mode_closest_to_theory,2,64.18960819845783,403.3152031061646,15.578845674026487,-52.431407971172504,0.0008241696617343,67.71937199001685,425.49336309910274,14.766823297584914,5.498964537446442,14.240233023383023,-5.223074719580163,0.0063746582511135,1098.0980060480797,0.06935,496,238.41059602649008,122.95280969222206,159.83865259988866,245.90561934810785,319.67730515254016,73.60485574545898
jun8_40wt_30Hz_stable_IMG_0034_full_fsss_no_lens_roi734_500_no_affine,outputs/full_fsss_diagnostics/Jun8_40wt_30Hz_stable_IMG_0034_no_lens_roi734_500_no_affine/reconstruction/drive_aware_spectral_analysis/drive_aware_summary.json,30.07499999999988,15.03749999999994,14.9725000000004,selected_2d_mode_closest_to_theory,1,64.18960819845783,403.3152031061646,15.578845674026487,127.56859202882752,0.0023938102807302,67.32740249228021,423.0305461100613,14.852793409260968,4.888321306029982,14.240233023383023,-5.30185853111833,0.0063746582511135,1098.0980060480797,0.06935,500,240.3371462974112,122.95280969222206,159.83865259988866,245.90561934810808,319.67730515254,73.60485574545896
jun8_40wt_35Hz_stable_IMG_0032_full_fsss_no_lens_roi734_500_no_affine,outputs/full_fsss_diagnostics/Jun8_40wt_35Hz_stable_IMG_0032_no_lens_roi734_500_no_affine/reconstruction/drive_aware_spectral_analysis/drive_aware_summary.json,35.04999999999988,17.52499999999994,17.435000000000397,selected_2d_mode_closest_to_theory,5,78.27418970665076,491.8112386962157,12.775603346999995,180.0,0.0012176854811551,77.4425175904513,486.5856886753203,12.912803342582713,-1.06251130713243,17.644576581480198,0.6823200084465432,0.0063746582511135,1098.0980060480797,0.06935,500,240.3371462974112,122.95280969222206,159.83865259988866,491.8112386962157,6.022950592540154e-14,61.47640484611103
jun8_40wt_35Hz_stable_IMG_0031_full_fsss_no_lens_roi734_500_no_affine,outputs/full_fsss_diagnostics/Jun8_40wt_35Hz_stable_IMG_0031_no_lens_roi734_500_no_affine/reconstruction/drive_aware_spectral_analysis/drive_aware_summary.json,35.07499999999988,17.53749999999994,17.492500000000405,selected_2d_mode_closest_to_theory,3,77.68491515486942,488.10871749056827,12.8725119671746,139.08561677997488,0.0004211722027921,77.671129621739,488.0221004313516,12.874796657007996,-0.0177454440195249,17.495969946039402,-0.2368071501670086,0.0063746582511135,1098.0980060480797,0.06935,500,240.3371462974112,122.95280969222206,159.83865259988866,368.8584290221618,319.67730515254004,69.98500677764329
jun8_40wt_37Hz_stable_IMG_0051_full_fsss_no_lens_roi734_500_no_affine,outputs/full_fsss_diagnostics/Jun8_40wt_37Hz_stable_IMG_0051_no_lens_roi734_500_no_affine/reconstruction/drive_aware_spectral_analysis/drive_aware_summary.json,37.07499999999988,18.53749999999994,18.502500000000403,selected_2d_mode_closest_to_theory,2,82.3042962184301,517.1331447173964,12.150034031590124,161.99583839408663,0.0029582903755413,81.63447061121835,512.9245063037908,12.2497272599766,-0.813840392285327,18.6756563752204,0.7452805136639878,0.0063746582511135,1098.0980060480797,0.06935,500,240.3371462974112,122.95280969222206,159.83865259988866,491.8112386962157,159.83865257627,63.47028988328438
jun8_40wt_37Hz_stable_IMG_0055_full_fsss_no_lens_roi734_500_no_affine,outputs/full_fsss_diagnostics/Jun8_40wt_37Hz_stable_IMG_0055_no_lens_roi734_500_no_affine/reconstruction/drive_aware_spectral_analysis/drive_aware_summary.json,37.07499999999988,18.53749999999994,18.502500000000403,selected_2d_mode_closest_to_theory,5,82.3042962184301,517.1331447173964,12.150034031590124,-18.004161605913378,0.001577564590727,81.63447061121835,512.9245063037908,12.2497272599766,-0.813840392285327,18.6756563752204,0.7452805136639878,0.0063746582511135,1098.0980060480797,0.06935,500,240.3371462974112,122.95280969222206,159.83865259988866,491.8112386962157,159.83865257627005,63.47028988328438
jun8_40wt_40Hz_stable_IMG_0027_full_fsss_no_lens_roi734_500_no_affine,outputs/full_fsss_diagnostics/Jun8_40wt_40Hz_stable_IMG_0027_no_lens_roi734_500_no_affine/reconstruction/drive_aware_spectral_analysis/drive_aware_summary.json,40.07499999999988,20.03749999999994,19.637499999999424,selected_2d_mode_closest_to_theory,1,85.76740528640934,538.8925007304839,11.659440980645586,-62.850318302216834,0.0022355155352792,85.97606041281286,540.2035195549702,11.6311447070093,0.2432802131610823,19.58226779953396,-2.271901187603161,0.0063746582511135,1098.0980060480797,0.06935,284,201.24444444444447,122.95280969222206,159.83865259988866,245.9056193481078,479.5159577288102,76.44671479041847
jun8_40wt_40Hz_stable_IMG_0042_full_fsss_no_lens_roi734_500_no_affine,outputs/full_fsss_diagnostics/Jun8_40wt_40Hz_stable_IMG_0042_no_lens_roi734_500_no_affine/reconstruction/drive_aware_spectral_analysis/drive_aware_summary.json,40.199999999999875,20.099999999999937,20.01499999999936,selected_2d_mode_closest_to_theory,4,82.3042962184301,517.1331447173964,12.150034031590124,18.004161605913378,0.0016937420558035,87.3952520880089,549.1205638366336,11.442269186350975,6.185528706870603,18.6756563752204,-7.08628669044547,0.0063746582511135,1098.0980060480797,0.06935,500,240.3371462974112,122.95280969222206,159.83865259988866,491.8112386962157,159.83865257627005,63.47028988328438
jun8_40wt_40Hz_stable_IMG_0043_full_fsss_no_lens_roi734_500_no_affine,outputs/full_fsss_diagnostics/Jun8_40wt_40Hz_stable_IMG_0043_no_lens_roi734_500_no_affine/reconstruction/drive_aware_spectral_analysis/drive_aware_summary.json,40.24999999999987,20.124999999999936,20.034999999999357,selected_2d_mode_closest_to_theory,1,85.76740528640934,538.8925007304839,11.659440980645586,62.850318302216834,0.0019514694271809,87.47010783641333,549.5908963751663,11.432477045417627,1.9852559889366277,19.58226779953396,-2.6968059650483425,0.0063746582511135,1098.0980060480797,0.06935,500,240.3371462974112,122.95280969222206,159.83865259988866,245.9056193481078,479.5159577288102,76.44671479041847
jun8_40wt_42Hz_stable_IMG_0054_full_fsss_no_lens_roi734_500_no_affine,outputs/full_fsss_diagnostics/Jun8_40wt_42Hz_stable_IMG_0054_no_lens_roi734_500_no_affine/reconstruction/drive_aware_spectral_analysis/drive_aware_summary.json,42.17499999999987,21.087499999999935,20.99749999999936,selected_2d_mode_closest_to_theory,5,103.62095578039651,651.0696668752931,9.650557577555029,100.88552705465874,0.0003677585152511,91.03415147375723,571.9844429914723,10.984888460110202,-12.146967967864,24.55569433271861,16.44668326126227,0.0063746582511135,1098.0980060480797,0.06935,500,240.3371462974112,122.95280969222206,159.83865259988866,122.95280967405391,639.3546103050803,79.33534920434624
jun8_40wt_45Hz_stable_IMG_0029_full_fsss_no_lens_roi734_500_no_affine,outputs/full_fsss_diagnostics/Jun8_40wt_45Hz_stable_IMG_0029_no_lens_roi734_500_no_affine/reconstruction/drive_aware_spectral_analysis/drive_aware_summary.json,45.024999999999885,22.512499999999942,22.422499999999363,selected_2d_mode_closest_to_theory,4,96.28441229768676,604.9728046592469,10.385897116017658,127.56859202882752,0.0008868401637681,96.1801934259805,604.3179781758114,10.397151059688728,-0.1082406479088614,22.451787302927915,-0.2696843845509271,0.0063746582511135,1098.0980060480797,0.06935,500,240.3371462974112,122.95280969222206,159.83865259988866,368.8584290221621,479.51595772881,73.60485574545896
jun8_40wt_45Hz_stable_IMG_0045_full_fsss_no_lens_roi734_500_no_affine,outputs/full_fsss_diagnostics/Jun8_40wt_45Hz_stable_IMG_0045_no_lens_roi734_500_no_affine/reconstruction/drive_aware_spectral_analysis/drive_aware_summary.json,45.17499999999987,22.587499999999935,22.48749999999936,selected_2d_mode_closest_to_theory,4,97.84273713331343,614.7640483702696,10.220482677599996,180.0,0.0009616621911943,96.41141458303775,605.7707835525426,10.372215824493628,-1.4628807331150886,22.891717877188324,1.346841736307189,0.0063746582511135,1098.0980060480797,0.06935,500,240.3371462974112,122.95280969222206,159.83865259988866,614.7640483702696,7.528688240675194e-14,61.47640484611103
jun8_40wt_47Hz_stable_IMG_0050_full_fsss_no_lens_roi734_500_no_affine,outputs/full_fsss_diagnostics/Jun8_40wt_47Hz_stable_IMG_0050_no_lens_roi734_500_no_affine/reconstruction/drive_aware_spectral_analysis/drive_aware_summary.json,47.22499999999987,23.612499999999937,23.50749999999936,selected_2d_mode_closest_to_theory,1,103.62095578039651,651.0696668752931,9.650557577555029,79.11447294534126,0.0004372421823286,100.00193524632948,628.3306902292618,9.999806479112156,-3.4925566038367863,24.55569433271861,3.994470440312016,0.0063746582511135,1098.0980060480797,0.06935,500,240.3371462974112,122.95280969222206,159.83865259988866,122.95280967405384,639.3546103050803,79.33534920434624
jun8_40wt_50Hz_stable_IMG_0046_full_fsss_no_lens_roi734_500_no_affine,outputs/full_fsss_diagnostics/Jun8_40wt_50Hz_stable_IMG_0046_no_lens_roi734_500_no_affine/reconstruction/drive_aware_spectral_analysis/drive_aware_summary.json,50.27499999999987,25.137499999999935,25.02249999999936,selected_2d_mode_closest_to_theory,1,103.62095578039651,651.0696668752931,9.650557577555029,79.11447294534126,3.068341810079227e-05,105.21083568576248,661.0591769368685,9.504724427688616,1.5343227568132092,24.55569433271861,-2.314492957857097,0.0063746582511135,1098.0980060480797,0.06935,500,240.3371462974112,122.95280969222206,159.83865259988866,122.95280967405384,639.3546103050803,79.33534920434624
